city,Cloudiness,Country,Date,Humidity,Latitude,Lng,Max Temp,Wind Speed,Temperature
Husavik,68,CA,1562278090,25,50.56,-96.99,80.01,5.01,79.56
Arraial do Cabo,40,BR,1562278090,88,-22.97,-42.02,71.6,5.82,70.66
Cavalcante,0,BR,1562278090,43,-13.79,-47.46,67.22,1.48,67.22
Punta Arenas,75,CL,1562278091,81,-53.16,-70.91,37.4,11.41,36.28
Alofi,75,NU,1562278091,73,-19.06,-169.92,77.0,18.34,77.0
Bluff,100,AU,1562278091,81,-23.58,149.07,59.79,25.14,59.79
Busselton,49,AU,1562278091,98,-33.64,115.35,48.0,27.07,46.29
Qaanaaq,100,GL,1562278091,64,77.48,-69.36,42.44,3.51,42.44
Rikitea,99,PF,1562278092,67,-23.12,-134.97,66.81,23.11,66.81
Mataura,59,NZ,1562278092,95,-46.19,168.86,43.0,3.0,43.0
Udachnyy,75,RU,1562278092,82,66.42,112.4,57.2,6.71,57.2
East London,0,ZA,1562278092,77,-33.02,27.91,51.17,3.47,51.17
Albany,1,US,1562277891,45,42.65,-73.75,93.0,6.93,86.72
Ushuaia,0,AR,1562278092,86,-54.81,-68.31,28.4,5.14,28.4
Magole,0,TZ,1562278093,77,-6.37,37.37,59.05,2.08,59.05
Hermanus,100,ZA,1562278093,99,-34.42,19.24,54.0,3.0,54.0
Cape Town,90,ZA,1562278093,100,-33.93,18.42,57.0,5.82,54.77
Sao Joao da Barra,40,BR,1562278093,88,-21.64,-41.05,75.2,16.11,75.2
Hobart,40,AU,1562278093,86,-42.88,147.33,39.99,8.05,37.02
Tiksi,100,RU,1562277878,89,71.64,128.87,36.75,5.08,36.75
Souillac,0,FR,1562278094,54,45.6,-0.6,82.99,6.93,79.03
Severo-Kurilsk,100,RU,1562278094,98,50.68,156.12,42.35,7.9,42.35
Butaritari,0,KI,1562278094,69,3.07,172.79,84.02,7.09,84.02
Jamestown,0,AU,1562278094,76,-33.21,138.6,51.33,15.28,51.33
Chokurdakh,84,RU,1562278095,70,70.62,147.9,49.71,7.87,49.71
Oltu,0,TR,1562278095,90,40.55,42.0,50.25,1.79,50.25
Neiafu,40,TO,1562277864,83,-18.65,-173.98,75.2,6.93,75.2
Sur,0,OM,1562278095,69,22.57,59.53,83.19,16.33,83.19
Bethel,40,US,1562277878,77,60.79,-161.76,60.8,9.17,57.54
Sabha,0,LY,1562278095,12,27.03,14.43,90.68,2.19,90.68
Avarua,49,CK,1562277983,69,-21.21,-159.78,73.4,14.99,73.4
Khatanga,84,RU,1562278096,79,71.98,102.47,46.72,7.96,46.72
Mahebourg,40,MU,1562278096,78,-20.41,57.7,71.6,8.05,69.17
Muros,75,ES,1562278096,88,42.77,-9.06,69.01,3.36,64.98
New Norfolk,40,AU,1562278096,86,-42.78,147.06,39.99,8.05,37.18
Sabancuy,0,MX,1562278096,74,18.97,-91.18,83.22,9.84,83.22
Puerto Ayora,20,EC,1562278097,54,-0.74,-90.35,80.6,21.92,76.89
Genhe,100,CN,1562278097,66,50.78,121.52,49.96,9.51,49.96
Georgetown,40,GY,1562278097,70,6.8,-58.16,84.2,11.41,84.2
Pevek,100,RU,1562278097,93,69.7,170.27,35.06,11.63,35.06
Barrow,84,AR,1562278097,74,-38.31,-60.23,40.17,12.64,40.17
Balaguer,100,ES,1562278098,50,41.79,0.81,80.01,4.7,75.51
Yinchuan,0,CN,1562278098,40,38.48,106.21,66.0,3.0,66.0
Villamontes,78,BO,1562278098,53,-21.26,-63.47,61.23,7.67,61.23
Bulnes,0,CL,1562278098,71,-36.74,-72.3,53.6,11.41,52.83
Hilo,90,US,1562278099,69,19.71,-155.08,80.6,3.36,78.39
Saldanha,42,PT,1562278099,54,41.42,-6.55,70.16,2.91,70.16
Vostok,61,RU,1562277800,95,46.45,135.83,58.92,1.61,58.92
Dickinson,75,US,1562278028,68,46.88,-102.79,70.0,4.7,68.56
Babra,95,IN,1562278099,72,21.84,71.3,81.82,14.67,81.82
Zhangjiakou,100,CN,1562278100,71,40.77,114.88,61.97,3.76,61.97
Port Alfred,42,ZA,1562278100,76,-33.59,26.89,59.0,3.0,59.0
Najran,0,SA,1562278100,17,17.54,44.22,86.0,8.59,86.0
Nikolskoye,0,RU,1562278100,71,59.7,30.79,50.0,5.59,48.25
Turukhansk,0,RU,1562278100,63,65.8,87.96,66.75,7.54,66.75
Sitka,0,US,1562278101,43,37.17,-99.65,95.0,13.0,95.0
Znamenskoye,4,RU,1562278101,98,57.13,73.82,53.85,2.57,53.85
Asadabad,0,IR,1562278101,27,34.78,48.12,62.6,2.24,62.6
Bredasdorp,100,ZA,1562278101,93,-34.53,20.04,55.4,9.17,54.66
Sainte-Maxime,0,FR,1562278102,65,43.31,6.64,78.8,2.62,75.65
Atuona,8,PF,1562278102,71,-9.8,-139.03,80.31,10.63,80.31
Vaini,99,IN,1562278102,89,15.34,74.49,78.11,7.11,78.11
Zangakatun,0,AM,1562278102,29,39.82,45.04,77.0,8.05,77.0
Thompson,75,CA,1562278102,76,55.74,-97.86,57.2,13.87,57.2
Pichayevo,0,RU,1562278103,84,51.79,41.22,51.44,6.69,51.44
Tuktoyaktuk,90,CA,1562278103,81,69.44,-133.03,50.0,16.11,50.0
Gat,97,SN,1562278103,78,14.69,-16.54,75.2,10.29,75.2
Samarai,86,PG,1562278103,91,-10.62,150.67,71.92,4.47,71.92
Vieques,90,PR,1562278104,70,18.43,-65.83,87.8,13.87,85.17
Guangyuan,100,CN,1562278104,94,32.43,105.86,65.73,1.48,65.73
Kautokeino,45,NO,1562278104,87,69.01,23.04,43.84,4.18,43.84
Tyler,1,US,1562278104,74,32.35,-95.3,91.0,5.82,86.74
Olivet,20,US,1562278104,65,43.24,-97.68,91.99,5.82,84.74
Chuy,15,UY,1562278105,67,-33.69,-53.46,44.87,18.39,44.87
Shiyan,6,CN,1562278105,93,32.65,110.78,59.64,4.63,59.64
Sinnamary,0,GF,1562277850,80,5.38,-52.96,81.39,15.3,81.39
Upernavik,0,GL,1562278105,70,72.79,-56.15,43.52,10.27,43.52
Iranshahr,0,IR,1562278105,8,27.21,60.69,100.4,9.17,100.4
Launceston,10,AU,1562278106,93,-41.43,147.14,43.0,6.93,39.07
Hohhot,40,CN,1562278106,82,40.81,111.65,62.6,15.66,62.6
Doha,0,QA,1562277982,32,25.29,51.53,98.6,13.87,95.41
Marsh Harbour,100,BS,1562277920,69,26.54,-77.06,84.95,7.74,84.95
Venado Tuerto,0,AR,1562278106,65,-33.75,-61.97,37.0,4.0,37.0
Baculin,89,PH,1562278107,89,7.45,126.58,71.36,3.94,71.36
Kenai,1,US,1562278107,37,60.55,-151.26,84.0,11.41,82.94
Carnarvon,64,ZA,1562278107,33,-30.97,22.13,47.03,10.13,47.03
Beira,49,ES,1562278107,93,43.2,-8.36,66.0,2.24,63.28
Lompoc,1,US,1562277928,82,34.64,-120.46,79.0,10.29,69.71
Lagoa,0,PT,1562278108,77,37.14,-8.45,66.99,14.99,66.04
Nizhniy Baskunchak,99,RU,1562278108,55,48.22,46.83,74.73,7.63,74.73
Kyzyl-Suu,0,KG,1562278108,60,42.34,78.0,63.8,10.04,63.8
Berlevag,75,NO,1562278108,81,70.86,29.09,48.2,5.82,47.59
Ballina,20,IE,1562278108,87,54.11,-9.15,57.0,6.93,54.63
Labuhan,0,ID,1562278109,93,-2.54,115.51,70.57,2.08,70.57
Kendari,21,ID,1562278109,96,-3.99,122.52,68.9,2.06,68.9
Boyolangu,7,ID,1562278109,94,-8.09,111.9,69.51,3.96,69.51
Srednekolymsk,100,RU,1562278109,74,67.46,153.71,52.12,9.82,52.12
Constitucion,75,MX,1562278110,27,23.99,-104.67,82.0,12.75,79.03
Yellowknife,20,CA,1562278110,35,62.45,-114.38,71.6,3.36,71.31
Paamiut,70,GL,1562278110,79,61.99,-49.67,45.05,1.72,45.05
Norman Wells,90,CA,1562278110,52,65.28,-126.83,69.8,8.05,69.8
Ekibastuz,100,KZ,1562278110,73,51.72,75.32,64.18,8.9,64.18
Saint-Joseph,0,FR,1562278111,73,43.56,6.97,78.8,2.24,75.13
Itarema,10,BR,1562278111,82,-2.92,-39.92,77.3,8.93,77.3
Nanortalik,0,GL,1562278111,65,60.14,-45.24,46.81,7.67,46.81
Inhambane,0,MZ,1562278111,88,-23.87,35.38,59.46,4.74,59.46
Saint George,20,GR,1562278112,53,39.45,22.34,77.0,4.23,75.04
Tubuala,40,PA,1562278112,59,9.52,-79.03,89.6,12.75,89.6
Petauke,0,ZM,1562278112,61,-14.25,31.33,61.93,9.98,61.93
Kushima,75,JP,1562278112,94,31.5,131.29,73.4,3.36,70.66
Mackay,75,CA,1562278113,81,53.65,-115.58,60.8,6.93,57.24
Acajutla,0,SV,1562278113,73,13.59,-89.83,84.65,10.22,84.65
Mazagao,20,BR,1562278113,70,-0.12,-51.29,86.0,9.17,86.0
Kilindoni,0,TZ,1562278113,75,-7.91,39.67,79.68,19.53,79.68
Yumen,0,CN,1562277852,16,40.29,97.04,74.62,15.26,74.62
Geraldton,75,CA,1562278114,94,49.72,-86.95,71.6,3.36,71.6
Miri,100,NG,1562278114,82,10.31,9.75,74.94,3.33,74.94
Sloboda,0,UA,1562278114,93,48.46,24.82,53.6,2.24,53.6
Redlands,1,US,1562278114,47,34.06,-117.19,90.0,8.05,81.37
Duluth,90,US,1562278115,93,46.77,-92.13,73.4,2.48,69.67
Coahuayana,100,MX,1562278115,57,18.62,-100.35,89.78,1.25,89.78
Kushiro,75,JP,1562278115,93,43.11,144.15,55.4,3.36,55.4
Luderitz,0,NA,1562278115,87,-26.65,15.16,55.4,17.22,55.4
Saint-Philippe,1,CA,1562278115,28,45.36,-73.48,93.2,7.38,90.16
Atambua,0,ID,1562278116,74,-9.11,124.89,74.03,11.83,74.03
Goderich,23,CA,1562278116,52,43.74,-81.71,90.0,1.99,82.71
Ilulissat,40,GL,1562277965,65,69.22,-51.1,53.6,4.7,53.6
Teguise,20,ES,1562278116,77,29.06,-13.56,69.8,13.87,69.8
Santa Rosa,0,AR,1562278116,51,-36.62,-64.29,42.71,6.22,42.71
Karratha,35,AU,1562278116,83,-20.74,116.85,68.97,9.64,68.97
Portland,1,US,1562277705,45,43.66,-70.25,89.01,8.05,83.14
Salalah,75,OM,1562278117,83,17.01,54.1,84.2,3.36,84.2
Ostroda,0,PL,1562278117,48,53.7,19.96,61.0,8.05,60.69
San Felipe,0,CL,1562278117,90,-32.75,-70.73,55.0,2.01,55.0
Klichka,64,RU,1562278117,60,50.44,118.0,46.88,8.88,46.88
Bambous Virieux,40,MU,1562278117,78,-20.34,57.76,71.6,8.05,69.28
Manakara,95,MG,1562278118,89,-22.14,48.01,66.52,2.24,66.52
Ust-Koksa,1,RU,1562278118,88,50.27,85.62,43.86,4.88,43.86
Santa Isabel,1,MX,1562278118,8,32.63,-115.58,102.2,6.93,100.22
Owando,81,CG,1562278118,90,-0.49,15.91,74.69,2.51,74.69
Tetouan,0,MA,1562278107,77,35.57,-5.37,73.4,3.36,69.57
Leningradskiy,100,RU,1562278119,97,69.38,178.42,35.83,2.68,35.83
Ribeira Grande,20,PT,1562278119,72,38.52,-28.7,68.0,10.29,68.0
Pangnirtung,75,CA,1562277837,70,66.15,-65.72,48.2,14.99,48.2
Haines Junction,89,CA,1562278119,51,60.75,-137.51,66.45,6.22,66.45
Okha,93,RU,1562277854,90,53.59,142.95,50.32,17.76,50.32
Ancud,40,CL,1562278119,75,-41.87,-73.83,46.4,3.36,46.4
Firminy,0,FR,1562278120,60,45.39,4.29,75.2,2.24,71.73
Vila Velha,0,BR,1562278120,78,-3.71,-38.6,86.0,10.29,82.33
Zorritos,40,PE,1562278120,33,-3.68,-80.68,89.6,8.05,89.6
Jalpan,92,MX,1562278120,56,19.0,-100.36,75.99,11.99,75.99
Kreuztal,0,DE,1562278120,48,50.96,7.99,64.0,1.12,60.51
Dingle,72,PH,1562278121,85,11.0,122.67,74.64,2.89,74.64
Longyearbyen,75,NO,1562278121,61,78.22,15.63,48.2,17.22,48.2
Iqaluit,75,CA,1562278121,75,63.75,-68.52,46.4,16.11,46.22
Hovd,75,NO,1562278122,71,63.83,10.7,51.01,20.8,49.66
Lazaro Cardenas,75,MX,1562278122,18,28.39,-105.62,93.2,6.93,93.2
Auki,100,NG,1562278122,79,12.18,6.51,78.74,5.66,78.74
Coihaique,90,CL,1562278122,99,-45.58,-72.07,42.8,3.6,38.68
Kihei,40,US,1562277841,46,20.76,-156.45,89.6,13.87,82.85
Adrar,0,DZ,1562278058,11,27.87,-0.29,105.8,12.75,105.8
Keti Bandar,98,PK,1562278122,80,24.14,67.45,84.16,18.05,84.16
Acapulco,75,MX,1562277903,70,16.86,-99.88,87.8,8.05,87.8
Laguilayan,100,PH,1562278123,91,6.67,124.54,67.73,2.39,67.73
Berberati,100,CF,1562278123,94,4.26,15.79,68.7,1.07,68.7
Port Elizabeth,90,US,1562278123,66,39.31,-74.98,84.99,5.82,82.18
Namatanai,100,PG,1562278123,82,-3.66,152.44,79.21,14.85,79.21
Vila Franca do Campo,75,PT,1562278123,93,37.72,-25.43,64.4,3.36,64.4
Jalu,0,LY,1562278124,42,29.03,21.55,80.45,12.84,80.45
Northam,75,AU,1562278124,93,-31.65,116.67,50.0,3.36,50.0
Mayumba,79,GA,1562278124,87,-3.44,10.65,72.19,7.27,72.19
Tasiilaq,3,GL,1562278124,70,65.61,-37.64,46.4,11.41,46.4
Hindoria,91,IN,1562278124,76,23.9,79.57,83.85,5.75,83.85
Namibe,0,AO,1562278125,76,-15.19,12.15,69.94,7.4,69.94
Esperance,75,AU,1562278125,100,-33.86,121.89,50.0,11.41,50.0
Saint-Louis,75,SN,1562278125,78,16.03,-16.5,78.8,11.41,78.8
Narsaq,75,GL,1562278125,33,60.91,-46.05,62.6,5.82,62.6
Chipinge,0,ZW,1562278125,60,-20.19,32.62,57.16,5.79,57.16
Saskylakh,98,RU,1562278126,90,71.97,114.09,46.38,13.27,46.38
Havoysund,75,NO,1562278126,93,71.0,24.66,48.2,21.92,46.71
Yiyang,100,CN,1562278126,90,28.59,112.35,72.15,1.74,72.15
Playas,87,EC,1562278126,79,-2.64,-80.39,73.31,10.49,73.31
Statesboro,90,US,1562278126,88,32.45,-81.78,91.4,5.41,82.42
Kruisfontein,100,ZA,1562278127,76,-34.0,24.73,55.7,15.19,55.7
Honiara,20,SB,1562277946,94,-9.43,159.96,75.2,7.11,75.2
Vanino,0,RU,1562278127,55,53.93,40.55,52.0,1.99,52.0
Takoradi,100,GH,1562278127,92,4.89,-1.75,74.71,4.43,74.71
Lere,8,TD,1562278127,83,9.66,14.23,77.99,3.51,77.99
Kodiak,1,US,1562278127,37,39.95,-94.76,84.0,11.41,82.15
Dikson,74,RU,1562278128,90,73.51,80.55,35.79,12.82,35.79
Vila,0,IT,1562278128,65,45.18,8.4,82.0,8.05,76.05
Sobolevo,22,RU,1562278128,94,54.43,31.9,48.02,9.04,48.02
Zhigansk,100,RU,1562278128,74,66.77,123.37,50.9,3.04,50.9
Monroe,40,US,1562277920,79,41.91,-83.4,90.0,6.93,84.87
Nishihara,75,JP,1562278129,100,35.74,139.53,73.0,5.5,70.32
Puerto Leguizamo,8,CO,1562278129,68,-0.19,-74.78,84.81,2.53,84.81
Kapaa,1,US,1562278129,69,22.08,-159.32,82.99,5.82,82.15
Sosnovo-Ozerskoye,0,RU,1562278129,78,52.53,111.54,45.71,4.81,45.71
Cabo San Lucas,5,MX,1562278060,29,22.89,-109.91,97.0,13.87,87.67
Swellendam,100,ZA,1562278129,93,-34.02,20.44,55.4,9.17,55.4
Turka,0,RU,1562278130,68,52.95,108.22,43.55,2.95,43.55
Baykit,27,RU,1562278130,64,61.68,96.39,64.11,2.19,64.11
Provideniya,75,RU,1562278130,87,64.42,-173.23,48.2,6.71,48.2
Ipil,99,PH,1562278130,89,7.78,122.59,73.16,4.14,73.16
Mbandaka,100,CD,1562278130,78,0.05,18.26,77.45,2.89,77.45
Ende,0,ID,1562278131,77,-8.84,121.65,75.81,3.18,75.81
San Patricio,24,PY,1562278131,66,-26.98,-56.83,52.03,7.38,52.03
Ixtapa,40,MX,1562278131,40,20.71,-105.21,89.6,13.87,89.33
Agapovka,20,RU,1562278131,67,53.3,59.13,62.6,11.18,62.6
Lasa,0,CY,1562278131,73,34.92,32.53,77.0,6.93,72.91
Savannah Bight,65,HN,1562278131,79,16.45,-85.85,81.95,15.41,81.95
Dunedin,99,NZ,1562278051,70,-45.87,170.5,46.0,25.99,46.0
Trinidad,40,BO,1562278132,83,-14.83,-64.9,75.2,6.93,75.2
Hithadhoo,71,MV,1562278132,80,-0.6,73.08,83.39,12.88,83.39
Ylivieska,32,FI,1562278132,74,64.07,24.53,53.01,3.91,50.09
Mount Isa,0,AU,1562278133,62,-20.73,139.49,55.4,3.36,55.4
Yar-Sale,94,RU,1562278133,77,66.83,70.83,65.94,7.2,65.94
Havelock,20,US,1562278133,74,34.88,-76.9,84.99,6.93,82.99
Tobol,0,SE,1562278133,87,59.83,12.54,48.2,10.29,47.35
Monrovia,75,LR,1562278133,94,6.33,-10.8,77.0,13.31,77.0
Caravelas,0,BR,1562278134,82,-17.73,-39.27,77.18,9.64,77.18
Sao Filipe,68,CV,1562278134,86,14.9,-24.5,73.81,17.9,73.81
Sungairaya,48,ID,1562278134,75,0.7,108.9,81.93,7.11,81.93
Lebu,20,ET,1562278134,87,8.96,38.73,57.2,6.93,57.2
Huangpi,98,CN,1562278134,88,30.88,114.37,78.8,2.24,78.8
Kunigal,92,IN,1562278134,76,13.02,77.02,73.23,10.87,73.23
Cap Malheureux,40,MU,1562278135,78,-19.98,57.61,71.6,8.05,69.78
Bure,100,NG,1562278135,83,10.52,10.33,73.52,6.53,73.52
Touros,75,BR,1562278135,94,-5.2,-35.46,77.0,6.93,77.0
Lichinga,8,MZ,1562278135,60,-13.3,35.25,62.99,2.71,62.99
Abakaliki,100,NG,1562278135,92,6.32,8.11,75.41,10.16,75.41
Svetlogorsk,20,RU,1562278136,67,53.14,59.15,62.6,11.18,62.6
Toguchin,0,RU,1562278136,93,55.24,84.4,58.85,7.14,58.85
Guerrero Negro,0,MX,1562278136,85,27.97,-114.04,65.08,15.1,65.08
Tuatapere,73,NZ,1562278136,95,-46.13,167.69,43.0,3.0,43.0
Cabra,0,ES,1562278136,57,37.47,-4.43,78.8,5.82,75.06
Torbay,90,CA,1562278137,93,47.66,-52.73,55.4,4.7,51.6
Cherskiy,93,RU,1562278137,50,68.75,161.3,53.43,5.44,53.43
Jalalpur Jattan,75,PK,1562278137,94,32.64,74.21,75.2,9.17,75.2
Ahipara,0,NZ,1562278137,68,-35.17,173.16,57.29,20.04,57.29
Airai,0,TL,1562278137,76,-8.93,125.41,64.2,5.03,64.2
Chapais,40,CA,1562278138,40,49.78,-74.86,86.0,3.36,86.0
Vanavara,0,RU,1562278138,56,60.35,102.28,56.98,4.65,56.98
Salinas,75,US,1562277853,68,36.67,-121.66,84.0,12.75,70.11
Shitkino,21,RU,1562278138,56,56.37,98.35,57.34,3.91,57.34
Dauphin,1,CA,1562278138,44,51.15,-100.04,75.2,14.99,75.2
Cayenne,0,GF,1562278139,78,4.94,-52.33,82.4,9.17,82.4
Mashhad,0,IR,1562278071,25,36.3,59.61,75.2,4.7,75.2
Ponta do Sol,100,BR,1562278139,67,-20.63,-46.0,65.76,5.35,65.76
Gallup,1,US,1562277862,7,35.53,-108.74,86.0,16.11,85.03
Mar del Plata,0,AR,1562278140,71,-46.43,-67.52,32.05,5.97,32.05
Manado,40,ID,1562278079,100,1.49,124.85,73.4,5.99,73.4
Cidreira,86,BR,1562278140,60,-30.17,-50.22,48.74,9.01,48.74
Forestville,40,CA,1562278140,42,48.74,-69.09,86.0,5.82,86.0
Aykhal,75,RU,1562278140,82,65.95,111.51,57.2,6.71,57.2
Grindavik,75,IS,1562278140,87,63.84,-22.43,54.0,16.11,52.54
Chateaubelair,75,VC,1562278141,94,13.28,-61.25,82.4,14.99,79.81
Ankazobe,20,MG,1562278141,100,-18.32,47.12,50.0,4.7,50.0
Fortuna,75,US,1562278141,77,40.6,-124.16,66.99,13.87,62.91
Tadine,71,NC,1562278141,73,-21.55,167.88,72.37,12.33,72.37
Muroto,75,JP,1562278142,88,33.37,134.14,71.6,6.93,71.6
Lokoja,100,NG,1562278142,94,7.8,6.74,73.32,4.76,73.32
Tefe,40,BR,1562278142,83,-3.35,-64.71,80.6,8.05,80.6
Marawi,98,PH,1562278142,94,8.0,124.29,75.0,3.0,75.0
Peniche,20,PT,1562278143,88,39.36,-9.38,64.99,9.17,62.76
Juneau,40,US,1562278039,60,58.3,-134.42,73.4,11.41,72.66
Ayr,86,AU,1562278143,96,-19.58,147.4,62.22,3.78,62.22
Zeya,2,RU,1562278143,73,53.74,127.27,46.18,5.53,46.18
Broome,100,GB,1562278143,63,52.47,1.45,66.2,2.24,62.56
Aleksandrov Gay,99,RU,1562278143,55,50.14,48.57,65.26,10.07,65.26
Bhadrak,99,IN,1562278144,72,21.06,86.51,84.39,5.46,84.39
Shirokiy,0,RU,1562278144,55,53.87,39.17,52.0,1.99,52.0
Hendersonville,1,US,1562278079,88,36.3,-86.62,80.6,4.7,76.77
Yamada,75,JP,1562278144,94,36.58,137.08,73.99,2.24,72.37
Walvis Bay,0,NA,1562278144,72,-22.95,14.51,66.2,3.36,59.68
Nangomba,23,TZ,1562278145,79,-10.9,38.52,67.55,2.93,67.55
Suamico,1,US,1562278145,66,44.63,-88.04,88.0,6.93,84.36
Ngunguru,0,NZ,1562278145,94,-35.62,174.5,52.0,7.0,52.0
Mugur-Aksy,100,RU,1562278145,96,50.38,90.44,42.81,7.31,42.81
Iracoubo,17,GF,1562278146,92,5.48,-53.21,78.09,6.62,78.09
Amazar,35,RU,1562278146,73,53.86,120.88,42.42,4.68,42.42
Ostrovnoy,100,RU,1562278146,96,68.05,39.51,49.17,10.49,49.17
Hobyo,97,SO,1562278146,67,5.35,48.53,78.87,25.95,78.87
Erice,0,IT,1562278146,94,38.04,12.59,82.99,6.93,79.02
Rio Gallegos,0,AR,1562278113,74,-51.62,-69.22,33.8,4.7,33.8
Kysyl-Syr,100,RU,1562278147,97,63.9,122.77,49.26,3.83,49.26
Yarmouth,40,CA,1562277879,73,43.84,-66.12,70.0,9.17,69.93
Maun,0,BW,1562278147,29,-19.99,23.42,62.6,5.82,62.6
Kaitangata,85,NZ,1562278147,82,-46.28,169.85,43.0,3.0,43.0
Faya,0,SA,1562278147,68,18.39,42.45,71.6,3.36,69.87
Mandalgovi,47,MN,1562278148,72,45.76,106.27,58.11,13.29,58.11
Gayeri,100,BF,1562278148,65,12.65,0.49,82.47,13.04,82.47
Vidim,0,CZ,1562278148,39,50.47,14.53,66.0,3.36,60.93
Tignere,100,CM,1562278148,95,7.37,12.65,68.21,3.56,68.21
Fairbanks,90,US,1562278060,59,64.84,-147.72,69.01,6.93,65.59
Xihe,0,CN,1562278149,78,34.02,105.29,55.79,4.92,55.79
Rawson,0,AR,1562278149,51,-43.3,-65.11,34.35,7.85,34.35
Thaton,100,MM,1562278149,85,16.91,97.37,80.43,18.68,80.43
Bathsheba,75,BB,1562278149,88,13.22,-59.52,80.6,21.92,80.6
Mayo,90,CA,1562278149,43,63.59,-135.9,73.4,3.36,73.4
Moose Factory,75,CA,1562278150,54,51.26,-80.61,82.4,10.29,82.4
Shihezi,100,CN,1562277906,33,44.3,86.03,72.64,6.67,72.64
Castro,40,CL,1562278150,75,-42.48,-73.76,46.4,3.36,46.4
Nikel,75,NO,1562278150,87,69.41,30.21,48.2,2.24,48.2
Sardarshahr,0,IN,1562278150,40,28.43,74.48,96.22,20.18,96.22
Vysokogornyy,6,RU,1562278151,91,50.1,139.13,55.95,3.24,55.95
College,90,US,1562277980,59,64.86,-147.8,69.01,6.93,65.79
Mookane,0,BW,1562278151,39,-23.68,26.66,51.56,1.54,51.56
Lata,64,IN,1562278151,91,30.78,78.62,46.92,0.89,46.92
Augusto Correa,73,BR,1562278151,82,-1.02,-46.63,78.81,4.81,78.81
Hualmay,17,PE,1562277900,84,-11.1,-77.61,62.52,12.88,62.52
Lohkva,0,EE,1562278152,76,58.37,26.79,52.0,6.93,51.93
Ketchikan,75,US,1562278024,68,55.34,-131.65,73.4,16.11,70.14
Mabaruma,76,GY,1562278152,92,8.2,-59.78,80.88,2.68,80.88
Lorengau,99,PG,1562278152,83,-2.02,147.27,77.97,3.76,77.97
La Paz,5,MX,1562277982,28,24.15,-110.32,97.0,12.75,96.91
Lodja,0,CD,1562278153,41,-3.52,23.6,75.88,1.63,75.88
Mnogovershinnyy,11,RU,1562278153,80,53.94,139.92,57.9,6.33,57.9
Hami,0,CN,1562278153,27,42.84,93.51,79.77,21.16,79.77
Ambilobe,98,MG,1562278153,74,-13.19,49.05,73.18,7.2,73.18
Matamoros,75,US,1562278154,66,25.87,-97.51,91.99,20.8,90.27
Khandagayty,100,MN,1562278154,75,50.73,92.07,51.58,3.29,51.58
Visby,100,SE,1562278154,71,57.64,18.3,55.0,19.46,52.86
Hasaki,75,JP,1562278154,94,35.73,140.83,68.0,5.82,68.0
Port Lincoln,0,AU,1562278155,72,-34.72,135.86,56.6,19.37,56.6
Joshimath,100,IN,1562278155,94,30.57,79.57,58.28,1.5,58.28
Balkanabat,0,TM,1562278155,30,39.51,54.36,88.08,8.25,88.08
Togul,0,RU,1562278156,92,53.47,85.91,58.44,4.72,58.44
Vao,64,EE,1562278156,92,59.1,26.19,46.59,6.02,46.59
Pacific Grove,75,US,1562278156,68,36.62,-121.92,84.0,12.75,69.57
Luanda,52,AO,1562278156,94,-8.83,13.24,71.6,6.93,71.6
Tirumullaivasal,100,IN,1562278157,57,11.24,79.84,84.92,11.63,84.92
Pachino,0,IT,1562278157,53,36.72,15.09,75.2,5.82,75.11
Gobabis,0,NA,1562278158,24,-22.45,18.97,44.6,1.12,44.6
Maningrida,66,AU,1562278158,75,-12.05,134.23,56.55,6.26,56.55
Ust-Nera,100,RU,1562278158,92,64.57,143.24,41.52,3.33,41.52
Tomohon,40,ID,1562278158,100,1.33,124.84,73.4,5.99,73.4
Hammerfest,75,NO,1562277889,93,70.66,23.68,44.6,21.92,44.6
Olinda,75,AU,1562278158,100,-37.84,145.39,45.0,4.7,39.07
Amapa,40,HN,1562278159,55,15.09,-87.97,89.6,17.22,89.24
Vasto,20,IT,1562278159,78,42.12,14.71,75.99,3.36,75.15
Kerman,0,IR,1562278054,10,30.29,57.06,84.2,4.7,84.2
Darhan,0,MN,1562277870,58,49.49,105.92,53.9,5.75,53.9
Tilichiki,86,RU,1562278159,69,60.47,166.1,59.07,2.37,59.07
Hamilton,40,CA,1562278159,74,43.26,-79.87,88.0,10.29,82.62
Dalhousie,20,CA,1562278160,45,48.06,-66.37,84.2,9.17,84.2
Banda Aceh,100,ID,1562278160,77,5.56,95.32,83.69,10.45,83.69
Tura,24,RU,1562278160,75,64.27,100.22,67.56,4.09,67.56
Pisco,20,PE,1562278160,30,-13.71,-76.2,71.6,10.29,67.86
Oudtshoorn,100,ZA,1562278160,87,-33.59,22.2,55.4,14.99,55.4
Tagab,1,AF,1562278161,15,34.85,69.65,82.4,11.41,80.29
Huilong,49,CN,1562278161,97,31.15,106.5,65.3,2.66,65.3
Nagod,100,IN,1562278161,68,24.57,80.59,86.28,1.43,86.28
Burnie,46,AU,1562278161,91,-41.05,145.91,50.0,4.0,49.35
Hermiston,1,US,1562278161,27,45.84,-119.29,87.01,5.82,82.96
Faanui,99,PF,1562278162,77,-16.48,-151.75,75.84,29.46,75.84
Oranjestad,20,AW,1562278162,66,12.52,-70.03,86.0,27.51,86.0
Rabak,40,SD,1562278162,43,13.18,32.74,89.15,12.19,89.15
Marsa Matruh,20,EG,1562278162,83,31.35,27.25,77.0,6.93,77.0
Camocim,54,BR,1562278081,83,-2.9,-40.84,78.31,5.64,78.31
Praia,0,BR,1562278162,35,-20.25,-43.81,73.4,5.82,73.4
West Bay,90,CA,1562278163,68,49.34,-123.21,69.01,10.29,65.95
San Cristobal,0,HN,1562278163,28,14.68,-86.92,85.24,12.53,85.24
Katsuura,75,JP,1562278163,100,33.93,134.5,73.99,6.93,71.87
Kathu,0,ZA,1562278163,48,-27.7,23.05,39.0,4.12,39.0
Say,0,NE,1562278163,48,13.1,2.36,86.0,5.82,86.0
San Antonio,0,CL,1562277971,51,-33.58,-71.61,60.8,9.17,58.71
Zelenogorskiy,0,RU,1562278164,100,55.03,87.0,60.8,6.71,60.8
Rio Verde de Mato Grosso,86,BR,1562278164,84,-18.92,-54.84,70.41,5.64,70.41
Half Moon Bay,75,US,1562278164,87,37.46,-122.43,81.0,8.05,67.44
Huainan,68,CN,1562278165,85,32.59,117.01,73.22,2.68,73.22
Antofagasta,20,CL,1562277988,67,-23.65,-70.4,57.2,5.82,57.2
Villa Union,40,BO,1562278165,55,-10.79,-65.46,89.6,2.86,89.6
Mehamn,75,NO,1562278165,81,71.03,27.85,48.2,5.82,48.2
Vanimo,68,PG,1562278165,82,-2.67,141.3,79.41,10.09,79.41
Valparaiso,1,US,1562277876,25,41.47,-87.06,91.99,8.05,88.3
Mount Gambier,0,AU,1562278166,93,-37.83,140.78,42.8,8.05,42.8
Altamira,75,BR,1562278166,88,-3.2,-52.21,80.6,2.59,80.6
Barcarena,20,BR,1562278166,94,-1.51,-48.62,77.0,4.7,77.0
Port-Gentil,90,GA,1562278166,94,-0.72,8.78,73.4,11.41,73.4
San Vicente de Canete,13,PE,1562278167,83,-13.08,-76.38,60.44,5.1,60.44
Aswan,0,EG,1562278167,11,24.09,32.9,89.6,16.11,89.6
Dicabisagan,51,PH,1562278167,95,17.08,122.42,73.34,2.06,73.34
Vardo,20,US,1562277868,65,39.62,-77.74,86.0,8.05,81.19
Vestmannaeyjar,6,IS,1562278167,86,63.44,-20.27,51.6,14.94,51.6
Meulaboh,100,ID,1562278168,80,4.14,96.13,82.22,7.81,82.22
Atasu,58,KZ,1562278168,67,48.68,71.64,66.23,5.5,66.23
Ahuimanu,90,US,1562278168,88,21.44,-157.84,87.01,8.05,82.67
Opuwo,0,NA,1562278168,26,-18.06,13.84,57.2,6.82,57.2
Briancon,14,FR,1562278168,74,44.9,6.65,73.99,3.91,66.36
Grand-Santi,99,GF,1562278169,97,4.27,-54.38,77.45,2.48,77.45
Miles City,1,US,1562278169,46,46.41,-105.84,78.01,4.7,75.9
Dongsheng,100,CN,1562278169,68,29.72,112.52,72.73,2.33,72.73
Saint-Georges,14,CA,1562278169,48,46.12,-70.67,87.01,4.0,84.74
Victoria,75,BN,1562278169,94,5.28,115.24,77.0,7.29,77.0
Stromness,40,CA,1562278170,74,42.87,-79.55,87.01,10.29,83.26
Sola,66,TZ,1562278170,41,-3.17,33.8,73.07,4.56,73.07
Manta,67,RO,1562278170,90,45.1,24.1,63.37,3.22,63.37
Ekhabi,93,RU,1562278170,90,53.51,142.97,50.32,17.76,50.32
Liepaja,100,LV,1562278171,93,56.52,21.02,57.2,20.8,57.2
Shubarshi,33,KZ,1562278171,31,48.59,57.19,76.28,6.62,76.28
Torquay,0,GB,1562278171,77,50.47,-3.52,63.0,2.24,59.38
Hearst,0,CA,1562278101,23,49.69,-83.67,92.03,12.08,92.03
Barra Patuca,0,HN,1562278171,74,15.8,-84.28,82.04,12.12,82.04
Margate,40,AU,1562278172,86,-43.03,147.26,39.99,8.05,37.04
Port Hardy,90,CA,1562277925,77,50.7,-127.42,59.0,6.93,59.0
Bulungu,28,CD,1562278172,37,-4.54,18.6,76.13,0.69,76.13
Apollonia,20,GR,1562278172,39,40.64,23.49,82.4,9.17,77.65
Kropotkin,41,RU,1562278172,89,45.43,40.58,65.4,7.83,65.4
Tyukhtet,50,RU,1562278173,97,56.54,89.31,58.31,5.23,58.31
Ahtopol,40,BG,1562278173,88,42.1,27.94,70.0,5.82,69.91
Chapada dos Guimaraes,0,BR,1562278173,36,-15.46,-55.75,95.0,4.7,95.0
Mitzic,100,GA,1562278173,97,0.78,11.55,70.52,2.68,70.52
Suvorov,5,RU,1562278174,76,54.12,36.5,50.0,6.71,50.0
Brokopondo,40,SR,1562278174,88,5.06,-54.98,80.6,2.24,80.6
Eyl,50,SO,1562278174,66,7.98,49.82,78.04,24.92,78.04
Broken Hill,0,AU,1562277986,87,-31.97,141.45,46.4,11.41,46.4
Farafangana,21,MG,1562277907,86,-22.82,47.83,61.32,3.0,61.32
Bundaberg,40,AU,1562278174,77,-24.87,152.35,64.0,9.17,63.25
Monte Alegre,0,BR,1562278175,65,-2.0,-54.07,85.35,3.89,85.35
Langsa,99,ID,1562278175,92,4.47,97.97,69.06,3.04,69.06
Bogorodskoye,36,RU,1562278175,91,52.37,140.44,54.32,10.38,54.32
Bartoszyce,100,PL,1562278175,89,54.25,20.81,55.61,17.18,55.61
Isangel,20,VU,1562278175,88,-19.55,169.27,73.4,9.42,73.4
Chalons-en-Champagne,0,FR,1562278176,59,48.95,4.37,66.2,9.17,61.88
Henties Bay,0,NA,1562278176,90,-22.12,14.28,53.01,3.0,53.01
Panaba,0,MX,1562278176,66,21.28,-88.27,85.82,11.45,85.82
Holme,100,DK,1562278176,93,56.11,10.17,53.6,13.87,52.72
Cockburn Town,40,TC,1562277927,66,21.46,-71.14,87.8,13.87,87.8
Viedma,38,AR,1562278177,71,-40.81,-62.99,41.5,12.93,41.5
Miramar,0,CR,1562278043,39,10.09,-84.73,80.6,14.99,78.21
Romny,36,UA,1562278177,84,50.74,33.49,53.24,7.47,53.24
Santiago,13,PH,1562278082,92,16.69,121.54,71.24,3.13,71.24
Suntar,100,RU,1562278177,96,62.16,117.65,57.93,0.54,57.93
Eydhafushi,77,MV,1562278177,76,5.1,73.07,83.35,10.74,83.35
Itoman,75,JP,1562278178,94,26.12,127.67,80.6,16.11,80.4
Fukue,75,JP,1562278178,83,35.03,136.69,78.01,3.36,74.77
Kieta,56,PG,1562278178,79,-6.22,155.63,79.39,5.75,79.39
General Cepeda,40,MX,1562278178,31,25.38,-101.48,87.8,20.8,84.15
Mindelo,0,PT,1562278178,88,41.31,-8.72,69.01,3.36,67.23
Irbeyskoye,100,RU,1562278179,75,55.64,95.45,63.21,3.29,63.21
Kudahuvadhoo,100,MV,1562278179,74,2.67,72.89,83.48,5.14,83.48
Sibolga,55,ID,1562278179,79,1.74,98.78,81.98,7.76,81.98
Benguela,0,AO,1562278179,84,-12.58,13.4,70.08,4.81,70.08
Gaoua,100,BF,1562278180,82,10.33,-3.18,73.79,10.22,73.79
Culebra,8,PA,1562278180,36,9.3,-82.53,62.01,8.01,62.01
Gigant,1,RU,1562278180,86,46.5,41.34,65.21,4.61,65.21
Belmonte,80,PT,1562278180,58,40.36,-7.35,69.01,4.92,68.02
Talnakh,0,RU,1562278180,81,69.49,88.39,50.0,22.37,50.0
Mecca,0,SA,1562278155,41,21.43,39.83,83.82,5.32,83.82
San Juan del Cesar,20,CO,1562278181,30,10.77,-73.01,98.6,10.29,98.6
Quzhou,100,CN,1562278181,99,28.97,118.86,69.9,1.52,69.9
Nova Vicosa,0,BR,1562278181,82,-17.89,-39.37,77.18,9.64,77.18
Novyy Yarychiv,0,UA,1562278182,81,49.9,24.31,51.8,4.47,51.8
Lunino,0,RU,1562278182,51,53.59,45.22,60.01,7.7,60.01
Gizo,0,IL,1562278182,69,31.8,34.94,78.8,4.7,72.14
Burns Lake,98,CA,1562278182,57,54.23,-125.76,61.77,4.81,61.77
Straumen,75,NO,1562278183,71,63.87,11.3,50.0,20.8,47.93
Camacha,75,PT,1562278183,77,33.08,-16.33,68.0,10.29,68.0
Saskatoon,75,CA,1562277897,37,52.13,-106.66,72.0,8.05,70.25
Kavaratti,100,IN,1562278183,79,10.57,72.64,83.3,19.1,83.3
Klaksvik,100,FO,1562278183,100,62.23,-6.59,48.2,4.7,48.2
Necochea,27,AR,1562278184,76,-38.55,-58.74,43.0,11.01,43.0
Tyrma,100,RU,1562278184,98,50.04,132.17,57.57,2.59,57.57
Ulu Tiram,75,MY,1562278184,83,1.61,103.82,84.2,4.7,80.62
Dauriya,0,RU,1562278184,54,49.93,116.85,50.1,10.98,50.1
Ban Nahin,100,LA,1562278184,99,18.24,104.21,71.99,4.07,71.99
Kavieng,100,PG,1562278185,72,-2.57,150.8,83.03,10.89,83.03
Nynashamn,37,SE,1562278185,93,58.9,17.95,50.0,11.41,48.92
Bhairab Bazar,75,BD,1562278185,83,24.06,90.98,82.4,4.7,82.4
Mazamari,61,PE,1562278185,84,-11.33,-74.53,48.39,4.43,48.39
Port Hedland,90,AU,1562278185,87,-20.31,118.58,60.8,4.7,60.8
Severo-Yeniseyskiy,0,RU,1562278185,60,60.37,93.04,64.4,3.85,64.4
Nichinan,75,JP,1562278186,94,31.65,131.31,73.4,3.36,70.63
Flinders,90,AU,1562278186,100,-34.58,150.85,57.0,9.17,54.79
Harelbeke,100,BE,1562278186,72,50.86,3.31,63.0,3.36,60.24
Beipiao,96,CN,1562278186,45,41.8,120.76,70.53,6.02,70.53
Kappeln,75,DE,1562278186,93,54.66,9.93,59.0,23.04,57.65
Kununurra,0,AU,1562278187,53,-15.77,128.74,51.8,5.82,51.8
Tshane,0,BW,1562278187,15,-24.02,21.87,51.94,5.44,51.94
Batemans Bay,100,AU,1562278187,92,-35.71,150.18,51.01,5.99,44.62
Riyadh,0,SA,1562278187,8,24.63,46.72,95.0,8.05,95.0
Nhulunbuy,9,AU,1562278187,93,-12.18,136.78,66.2,4.7,66.2
Sao Sebastiao,100,BR,1562277924,77,-3.15,-58.36,82.85,2.17,82.85
Boden,0,SE,1562278188,81,65.83,21.69,53.6,2.33,53.6
Melfort,90,CA,1562278188,55,52.87,-104.61,66.2,16.11,66.2
Lewisporte,90,CA,1562278188,87,49.25,-55.06,53.01,10.29,51.01
Okhotsk,100,RU,1562278188,94,59.36,143.24,48.25,12.53,48.25
Svetlaya,100,RU,1562278189,96,46.54,138.33,53.87,1.52,53.87
Alihe,100,CN,1562278189,90,50.57,123.73,50.37,5.59,50.37
Mahajanga,0,MG,1562278189,83,-15.72,46.32,71.6,2.24,71.6
Sao Paulo de Olivenca,47,BR,1562278189,94,-3.38,-68.87,79.86,3.53,79.86
Fare,100,PF,1562278190,75,-16.7,-151.02,75.25,29.57,75.25
Bacalar,40,MX,1562278190,59,18.68,-88.39,91.4,17.22,91.4
Shingu,99,JP,1562278190,93,33.72,135.99,67.13,3.67,67.13
Clyde River,90,CA,1562278190,93,70.47,-68.59,37.4,8.05,37.4
Shaoyang,100,CN,1562278190,97,27.23,111.45,70.23,1.07,70.23
Onalaska,40,US,1562278191,58,43.88,-91.23,89.6,4.7,86.72
Apatity,100,RU,1562278191,78,67.57,33.4,55.94,6.46,55.94
Nuuk,75,GL,1562278191,54,64.17,-51.74,53.6,9.17,53.6
Ossora,51,RU,1562278191,72,59.24,163.07,60.17,4.27,60.17
Sibu,75,MY,1562278191,100,2.29,111.83,75.2,3.36,75.07
Altay,100,CN,1562278192,90,47.83,88.13,47.31,1.12,47.31
Piracuruca,1,BR,1562278192,59,-3.93,-41.72,81.62,2.53,81.62
Ponta Delgada,75,PT,1562278192,93,37.73,-25.67,64.4,3.36,64.4
Yining,98,CN,1562278192,97,29.04,114.56,72.41,1.12,72.41
Lavrentiya,99,RU,1562278192,68,65.58,-170.99,56.76,11.48,56.76
Smithers,75,CA,1562278193,72,54.78,-127.17,64.4,4.7,64.4
Cururupu,26,BR,1562278193,83,-1.82,-44.87,78.56,3.51,78.56
Aranos,0,NA,1562278193,11,-24.14,19.11,56.76,8.9,56.76
Ozuluama,90,MX,1562278193,74,21.12,-98.35,80.72,3.69,80.72
Beaverlodge,75,CA,1562278193,55,55.21,-119.43,64.4,8.05,64.4
Vendome,0,FR,1562278194,43,47.44,-0.57,79.0,5.82,72.84
Tiznit,0,MA,1562278194,86,29.7,-9.73,66.56,9.98,66.56
Ilkal,99,IN,1562278194,79,15.96,76.12,76.15,20.42,76.15
Shahrud,0,IR,1562278194,57,36.42,54.97,61.73,1.52,61.73
Kanniyakumari,100,IN,1562278194,83,8.08,77.57,81.32,16.75,81.32
Formosa do Rio Preto,0,BR,1562278195,41,-11.04,-45.19,79.84,4.14,79.84
Fernie,90,CA,1562278195,77,49.5,-115.06,59.0,8.05,57.22
Beringovskiy,7,RU,1562278195,58,63.05,179.32,61.52,5.19,61.52
Nuremberg,0,DE,1562278188,67,49.45,11.08,64.4,1.12,60.55
Ceres,0,BR,1562278196,48,-15.31,-49.6,72.03,0.69,72.03
Bikaner,0,IN,1562278197,35,28.02,73.32,97.12,21.92,97.12
Sechura,30,PE,1562278197,91,-5.56,-80.82,63.6,17.4,63.6
Great Yarmouth,100,GB,1562278197,63,52.61,1.73,64.99,2.24,62.69
Minggang,0,CN,1562278197,66,32.45,114.03,70.07,2.98,70.07
Nikki,56,BJ,1562278197,89,9.94,3.21,73.38,6.35,73.38
Xiaoweizhai,100,CN,1562278198,93,26.23,107.51,66.97,1.95,66.97
Badou,100,TG,1562278198,97,7.58,0.61,72.32,2.19,72.32
Deputatskiy,86,RU,1562278198,83,69.3,139.9,44.6,5.73,44.6
Te Anau,65,NZ,1562278198,79,-45.41,167.72,36.68,2.33,36.68
San Rafael del Sur,40,NI,1562278198,44,11.85,-86.44,93.2,20.8,93.2
Yulara,0,AU,1562278199,56,-25.24,130.99,42.8,5.82,42.8
Marystown,88,CA,1562277911,81,47.17,-55.16,54.87,11.01,54.87
Waipawa,100,NZ,1562278199,95,-39.94,176.59,43.0,3.0,43.0
Porbandar,100,IN,1562278199,84,21.64,69.61,82.56,13.22,82.56
Mondlo,0,ZA,1562278199,24,-27.96,30.72,50.39,10.2,50.39
Ha Giang,100,VN,1562278199,99,22.83,104.99,67.04,2.46,67.04
Kemalpasa,0,TR,1562278200,42,38.43,27.42,84.2,8.05,80.31
Saint-Augustin,75,CA,1562278200,45,45.63,-73.98,93.0,4.7,89.92
Porto Novo,75,BR,1562278200,93,-23.68,-45.44,62.6,2.24,62.6
Estelle,0,FR,1562278200,83,43.97,3.47,77.0,5.82,77.0
Srandakan,24,ID,1562278201,87,-7.94,110.25,76.87,9.55,76.87
